cluster,n,frac,moved_rate,blocked_rate,hud_changed_rate,success_rate,done_rate,avg_reward,dominant_action,dominant_action_frac
0,12921,0.5584078827952806,0.3943193251296339,0.605680674870366,0.0,0.004179243092639889,0.04279854500425664,0.004179243092639889,2,0.2588034981812553
1,1237,0.05345952720515148,1.0,0.0,0.0,0.009700889248181084,0.04688763136620857,0.009700889248181084,2,0.26192400970088925
2,3236,0.1398504689053114,1.0,0.0,0.00030902348578491963,0.007416563658838072,0.04388133498145859,0.007416563658838072,0,0.26977750309023485
3,591,0.02554129391935693,1.0,0.0,0.3824027072758037,0.001692047377326565,0.02707275803722504,0.001692047377326565,3,0.26903553299492383
4,613,0.026492069665931976,1.0,0.0,0.0,0.0065252854812398045,0.040783034257748776,0.0065252854812398045,0,0.2707993474714519
5,600,0.025930247633864905,1.0,0.0,0.4,0.005,0.05,0.005,3,0.305
6,663,0.02865292363542072,1.0,0.0,0.3680241327300151,0.007541478129713424,0.04072398190045249,0.007541478129713424,2,0.2865761689291101
7,3278,0.14166558623968192,1.0,0.0,0.0,0.009151921903599756,0.045454545454545456,0.009151921903599756,1,0.26174496644295303
