cluster,0,1,2,3
0,0.2439439671852024,0.253850321182571,0.2588034981812553,0.2434022134509713
1,0.25545675020210185,0.2368633791430881,0.26192400970088925,0.24575586095392077
2,0.26977750309023485,0.25123609394313967,0.22960444993819532,0.24938195302843016
3,0.25042301184433163,0.22504230118443316,0.25549915397631134,0.26903553299492383
4,0.2707993474714519,0.21859706362153344,0.24143556280587275,0.26916802610114193
5,0.24666666666666667,0.22666666666666666,0.22166666666666668,0.305
6,0.22473604826546004,0.2684766214177979,0.2865761689291101,0.22021116138763197
7,0.25472849298352657,0.26174496644295303,0.25747406955460644,0.22605247101891396
